{"atari_alien": {"c51_sticky_2e8": 2474.88, "ddqn_determ_2e8": 3747.7, "dqn_determ_2e8": 1620.0, "dqn_sticky_2e8": 2484.49, "dueling_determ_2e8": 4461.4, "human_gamer": 7127.7, "human_record": 251916.0, "iqn_sticky_2e8": 4961.42, "prioritized_determ_2e8": 4203.8, "rainbow_determ_2e8": 9491.7, "rainbow_determ_4e5": 739.9, "rainbow_sticky_2e8": 3456.95, "random": 228.8, "reactor_determ_2e8": 4199.4, "simple_determ_4e5": 405.2}, "atari_amidar": {"c51_sticky_2e8": 1363.18, "ddqn_determ_2e8": 1793.3, "dqn_determ_2e8": 978.0, "dqn_sticky_2e8": 1207.74, "dueling_determ_2e8": 2354.5, "human_gamer": 1719.5, "human_record": 104159.0, "iqn_sticky_2e8": 2393.43, "prioritized_determ_2e8": 1838.9, "rainbow_determ_2e8": 5131.2, "rainbow_determ_4e5": 188.6, "rainbow_sticky_2e8": 2529.09, "random": 5.8, "reactor_determ_2e8": 1546.8, "simple_determ_4e5": 88.0}, "atari_assault": {"c51_sticky_2e8": 1800.12, "ddqn_determ_2e8": 5393.2, "dqn_determ_2e8": 4280.4, "dqn_sticky_2e8": 1525.24, "dueling_determ_2e8": 4621.0, "human_gamer": 742.0, "human_record": 8647.0, "iqn_sticky_2e8": 4884.78, "prioritized_determ_2e8": 7672.1, "rainbow_determ_2e8": 14198.5, "rainbow_determ_4e5": 431.2, "rainbow_sticky_2e8": 3228.82, "random": 222.4, "reactor_determ_2e8": 17543.8, "simple_determ_4e5": 369.3}, "atari_asterix": {"c51_sticky_2e8": 13453.37, "ddqn_determ_2e8": 17356.5, "dqn_determ_2e8": 4359.0, "dqn_sticky_2e8": 2711.41, "dueling_determ_2e8": 28188.0, "human_gamer": 8503.3, "human_record": 1000000.0, "iqn_sticky_2e8": 10374.44, "prioritized_determ_2e8": 31527.0, "rainbow_determ_2e8": 428200.3, "rainbow_determ_4e5": 470.8, "rainbow_sticky_2e8": 18366.58, "random": 210.0, "reactor_determ_2e8": 16121.0, "simple_determ_4e5": 1089.5}, "atari_asteroids": {"c51_sticky_2e8": 1079.58, "ddqn_determ_2e8": 734.7, "dqn_determ_2e8": 1364.5, "dqn_sticky_2e8": 698.37, "dueling_determ_2e8": 2837.7, "human_gamer": 47388.7, "human_record": 10506650.0, "iqn_sticky_2e8": 1584.51, "prioritized_determ_2e8": 2654.3, "rainbow_determ_2e8": 2712.8, "rainbow_sticky_2e8": 1483.54, "random": 719.1, "reactor_determ_2e8": 4467.4}, "atari_atlantis": {"c51_sticky_2e8": 824994.31, "ddqn_determ_2e8": 106056.0, "dqn_determ_2e8": 279987.0, "dqn_sticky_2e8": 853640.0, "dueling_determ_2e8": 382572.0, "human_gamer": 29028.1, "human_record": 10604840.0, "iqn_sticky_2e8": 890214.0, "prioritized_determ_2e8": 357324.0, "rainbow_determ_2e8": 826659.5, "rainbow_sticky_2e8": 802548.0, "random": 12850.0, "reactor_determ_2e8": 968179.5}, "atari_bank_heist": {"c51_sticky_2e8": 757.65, "ddqn_determ_2e8": 1030.6, "dqn_determ_2e8": 455.0, "dqn_sticky_2e8": 601.79, "dueling_determ_2e8": 1611.9, "human_gamer": 753.1, "human_record": 82058.0, "iqn_sticky_2e8": 1052.27, "prioritized_determ_2e8": 1054.6, "rainbow_determ_2e8": 1358.0, "rainbow_determ_4e5": 51.0, "rainbow_sticky_2e8": 1074.97, "random": 14.2, "reactor_determ_2e8": 1236.8, "simple_determ_4e5": 8.2}, "atari_battle_zone": {"c51_sticky_2e8": 25501.76, "ddqn_determ_2e8": 31700.0, "dqn_determ_2e8": 29900.0, "dqn_sticky_2e8": 17784.84, "dueling_determ_2e8": 37150.0, "human_gamer": 37187.5, "human_record": 801000.0, "iqn_sticky_2e8": 40953.44, "prioritized_determ_2e8": 31530.0, "rainbow_determ_2e8": 62010.0, "rainbow_determ_4e5": 10124.6, "rainbow_sticky_2e8": 40060.59, "random": 2360.0, "reactor_determ_2e8": 98235.0, "simple_determ_4e5": 5184.4}, "atari_beam_rider": {"c51_sticky_2e8": 5331.59, "ddqn_determ_2e8": 13772.8, "dqn_determ_2e8": 8627.5, "dqn_sticky_2e8": 5852.42, "dueling_determ_2e8": 12164.0, "human_gamer": 16926.5, "human_record": 999999.0, "iqn_sticky_2e8": 7130.45, "prioritized_determ_2e8": 23384.2, "rainbow_determ_2e8": 16850.2, "rainbow_sticky_2e8": 6290.48, "random": 363.9, "reactor_determ_2e8": 8811.8}, "atari_berzerk": {"c51_sticky_2e8": 516.69, "ddqn_determ_2e8": 1225.4, "dqn_determ_2e8": 585.6, "dqn_sticky_2e8": 487.48, "dueling_determ_2e8": 1472.6, "human_gamer": 2630.4, "human_record": 1057940.0, "iqn_sticky_2e8": 648.4, "prioritized_determ_2e8": 1305.6, "rainbow_determ_2e8": 2545.6, "rainbow_sticky_2e8": 833.41, "random": 123.7, "reactor_determ_2e8": 1515.7}, "atari_bowling": {"c51_sticky_2e8": 32.1, "ddqn_determ_2e8": 68.1, "dqn_determ_2e8": 50.4, "dqn_sticky_2e8": 30.12, "dueling_determ_2e8": 65.5, "human_gamer": 160.7, "human_record": 300.0, "iqn_sticky_2e8": 39.44, "prioritized_determ_2e8": 47.9, "rainbow_determ_2e8": 30.0, "rainbow_sticky_2e8": 42.86, "random": 23.1, "reactor_determ_2e8": 59.3}, "atari_boxing": {"c51_sticky_2e8": 81.4, "ddqn_determ_2e8": 91.6, "dqn_determ_2e8": 88.0, "dqn_sticky_2e8": 77.99, "dueling_determ_2e8": 99.4, "human_gamer": 12.1, "human_record": 100.0, "iqn_sticky_2e8": 97.91, "prioritized_determ_2e8": 95.6, "rainbow_determ_2e8": 99.6, "rainbow_determ_4e5": 0.2, "rainbow_sticky_2e8": 98.56, "random": 0.1, "reactor_determ_2e8": 99.7, "simple_determ_4e5": 9.1}, "atari_breakout": {"c51_sticky_2e8": 202.39, "ddqn_determ_2e8": 418.5, "dqn_determ_2e8": 385.5, "dqn_sticky_2e8": 96.23, "dueling_determ_2e8": 345.3, "human_gamer": 30.5, "human_record": 864.0, "iqn_sticky_2e8": 79.48, "prioritized_determ_2e8": 373.9, "rainbow_determ_2e8": 417.5, "rainbow_determ_4e5": 1.9, "rainbow_sticky_2e8": 120.07, "random": 1.7, "reactor_determ_2e8": 509.5, "simple_determ_4e5": 12.7}, "atari_centipede": {"c51_sticky_2e8": 7594.53, "ddqn_determ_2e8": 5409.4, "dqn_determ_2e8": 4657.7, "dqn_sticky_2e8": 2583.03, "dueling_determ_2e8": 7561.4, "human_gamer": 12017.0, "human_record": 1301709.0, "iqn_sticky_2e8": 3727.64, "prioritized_determ_2e8": 4463.2, "rainbow_determ_2e8": 8167.3, "rainbow_sticky_2e8": 6509.87, "random": 2090.9, "reactor_determ_2e8": 7267.2}, "atari_chopper_command": {"c51_sticky_2e8": 5718.16, "ddqn_determ_2e8": 5809.0, "dqn_determ_2e8": 6126.0, "dqn_sticky_2e8": 2690.61, "dueling_determ_2e8": 11215.0, "human_gamer": 7387.8, "human_record": 999999.0, "iqn_sticky_2e8": 9281.96, "prioritized_determ_2e8": 8600.0, "rainbow_determ_2e8": 16654.0, "rainbow_determ_4e5": 861.8, "rainbow_sticky_2e8": 12337.51, "random": 811.0, "reactor_determ_2e8": 19901.5, "simple_determ_4e5": 1246.9}, "atari_crazy_climber": {"c51_sticky_2e8": 136041.14, "ddqn_determ_2e8": 117282.0, "dqn_determ_2e8": 110763.0, "dqn_sticky_2e8": 104568.76, "dueling_determ_2e8": 143570.0, "human_gamer": 35829.4, "human_record": 219900.0, "iqn_sticky_2e8": 132738.13, "prioritized_determ_2e8": 141161.0, "rainbow_determ_2e8": 168788.5, "rainbow_determ_4e5": 16185.3, "rainbow_sticky_2e8": 145389.29, "random": 10780.5, "reactor_determ_2e8": 173274.0, "simple_determ_4e5": 39827.8}, "atari_defender": {"ddqn_determ_2e8": 35338.5, "dqn_determ_2e8": 23633.0, "dueling_determ_2e8": 42214.0, "human_gamer": 18688.9, "human_record": 6010500.0, "prioritized_determ_2e8": 31286.5, "rainbow_determ_2e8": 55105.0, "random": 2874.5, "reactor_determ_2e8": 181074.3}, "atari_demon_attack": {"c51_sticky_2e8": 7098.0, "ddqn_determ_2e8": 58044.2, "dqn_determ_2e8": 12149.4, "dqn_sticky_2e8": 6361.58, "dueling_determ_2e8": 60813.3, "human_gamer": 1971.0, "human_record": 1556345.0, "iqn_sticky_2e8": 15350.43, "prioritized_determ_2e8": 71846.4, "rainbow_determ_2e8": 111185.2, "rainbow_determ_4e5": 508.0, "rainbow_sticky_2e8": 17071.26, "random": 152.1, "reactor_determ_2e8": 122782.5, "simple_determ_4e5": 169.5}, "atari_double_dunk": {"c51_sticky_2e8": 1.28, "ddqn_determ_2e8": -5.5, "dqn_determ_2e8": -6.6, "dqn_sticky_2e8": -6.54, "dueling_determ_2e8": 0.1, "human_gamer": -16.4, "human_record": 22.0, "iqn_sticky_2e8": 21.12, "prioritized_determ_2e8": 18.5, "rainbow_determ_2e8": -0.3, "rainbow_sticky_2e8": 22.12, "random": -18.6, "reactor_determ_2e8": 23.0}, "atari_enduro": {"c51_sticky_2e8": 1283.8, "ddqn_determ_2e8": 1211.8, "dqn_determ_2e8": 729.0, "dqn_sticky_2e8": 628.91, "dueling_determ_2e8": 2258.2, "human_gamer": 860.5, "human_record": 9500.0, "iqn_sticky_2e8": 2202.98, "prioritized_determ_2e8": 2093.0, "rainbow_determ_2e8": 2125.9, "rainbow_sticky_2e8": 2200.16, "random": 0.0, "reactor_determ_2e8": 2211.3}, "atari_fishing_derby": {"c51_sticky_2e8": 10.4, "ddqn_determ_2e8": 15.5, "dqn_determ_2e8": -4.9, "dqn_sticky_2e8": 0.58, "dueling_determ_2e8": 46.4, "human_gamer": -38.7, "human_record": 71.0, "iqn_sticky_2e8": 45.33, "prioritized_determ_2e8": 39.5, "rainbow_determ_2e8": 31.3, "rainbow_sticky_2e8": 41.8, "random": -91.7, "reactor_determ_2e8": 33.1}, "atari_freeway": {"c51_sticky_2e8": 33.68, "ddqn_determ_2e8": 33.3, "dqn_determ_2e8": 30.8, "dqn_sticky_2e8": 26.27, "dueling_determ_2e8": 0.0, "human_gamer": 29.6, "human_record": 38.0, "iqn_sticky_2e8": 33.67, "prioritized_determ_2e8": 33.7, "rainbow_determ_2e8": 34.0, "rainbow_determ_4e5": 27.9, "rainbow_sticky_2e8": 33.69, "random": 0.0, "reactor_determ_2e8": 22.3, "simple_determ_4e5": 20.3}, "atari_frostbite": {"c51_sticky_2e8": 4284.99, "ddqn_determ_2e8": 1683.3, "dqn_determ_2e8": 797.4, "dqn_sticky_2e8": 367.07, "dueling_determ_2e8": 4672.8, "human_gamer": 4334.7, "human_record": 454830.0, "iqn_sticky_2e8": 7811.57, "prioritized_determ_2e8": 4380.1, "rainbow_determ_2e8": 9590.5, "rainbow_determ_4e5": 866.8, "rainbow_sticky_2e8": 8207.72, "random": 65.2, "reactor_determ_2e8": 7136.7, "simple_determ_4e5": 254.7}, "atari_gopher": {"c51_sticky_2e8": 7172.88, "ddqn_determ_2e8": 14840.8, "dqn_determ_2e8": 8777.4, "dqn_sticky_2e8": 5479.9, "dueling_determ_2e8": 15718.4, "human_gamer": 2412.5, "human_record": 355040.0, "iqn_sticky_2e8": 12107.61, "prioritized_determ_2e8": 32487.2, "rainbow_determ_2e8": 70354.6, "rainbow_determ_4e5": 349.5, "rainbow_sticky_2e8": 10641.07, "random": 257.6, "reactor_determ_2e8": 36279.1, "simple_determ_4e5": 771.0}, "atari_gravitar": {"c51_sticky_2e8": 686.0, "ddqn_determ_2e8": 412.0, "dqn_determ_2e8": 473.0, "dqn_sticky_2e8": 330.07, "dueling_determ_2e8": 588.0, "human_gamer": 3351.4, "human_record": 162850.0, "iqn_sticky_2e8": 1346.62, "prioritized_determ_2e8": 548.5, "rainbow_determ_2e8": 1419.3, "rainbow_sticky_2e8": 1271.8, "random": 173.0, "reactor_determ_2e8": 1804.8}, "atari_hero": {"c51_sticky_2e8": 33753.23, "ddqn_determ_2e8": 20130.2, "dqn_determ_2e8": 20437.8, "dqn_sticky_2e8": 17325.44, "dueling_determ_2e8": 20818.2, "human_gamer": 30826.4, "human_record": 1000000.0, "iqn_sticky_2e8": 36058.41, "prioritized_determ_2e8": 23037.7, "rainbow_determ_2e8": 55887.4, "rainbow_determ_4e5": 6857.0, "rainbow_sticky_2e8": 46675.16, "random": 1027.0, "reactor_determ_2e8": 27833.0, "simple_determ_4e5": 1295.1}, "atari_ice_hockey": {"c51_sticky_2e8": -4.36, "ddqn_determ_2e8": -2.7, "dqn_determ_2e8": -1.9, "dqn_sticky_2e8": -5.84, "dueling_determ_2e8": 0.5, "human_gamer": 0.9, "human_record": 36.0, "iqn_sticky_2e8": -5.11, "prioritized_determ_2e8": 1.3, "rainbow_determ_2e8": 1.1, "rainbow_sticky_2e8": -0.18, "random": -11.2, "reactor_determ_2e8": 15.7}, "atari_james_bond": {"c51_sticky_2e8": 725.56, "ddqn_determ_2e8": 768.5, "dqn_determ_2e8": 302.8, "dqn_sticky_2e8": 573.31, "dueling_determ_2e8": 1358.0, "human_gamer": 29.0, "human_record": 45550.0, "iqn_sticky_2e8": 3165.7, "prioritized_determ_2e8": 1312.5, "rainbow_determ_2e8": 812.0, "rainbow_determ_4e5": 301.6, "rainbow_sticky_2e8": 1097.12, "random": 7.0, "reactor_determ_2e8": 19809.0, "simple_determ_4e5": 125.3}, "atari_kangaroo": {"c51_sticky_2e8": 7687.54, "ddqn_determ_2e8": 12992.0, "dqn_determ_2e8": 7259.0, "dqn_sticky_2e8": 11485.98, "dueling_determ_2e8": 14854.0, "human_gamer": 3035.0, "human_record": 1424600.0, "iqn_sticky_2e8": 12602.27, "prioritized_determ_2e8": 16200.0, "rainbow_determ_2e8": 14637.5, "rainbow_determ_4e5": 779.3, "rainbow_sticky_2e8": 12748.3, "random": 52.0, "reactor_determ_2e8": 13349.0, "simple_determ_4e5": 323.1}, "atari_krull": {"c51_sticky_2e8": 6770.45, "ddqn_determ_2e8": 7920.5, "dqn_determ_2e8": 8422.3, "dqn_sticky_2e8": 6097.63, "dueling_determ_2e8": 11451.9, "human_gamer": 2665.5, "human_record": 104100.0, "iqn_sticky_2e8": 8844.17, "prioritized_determ_2e8": 9728.0, "rainbow_determ_2e8": 8741.5, "rainbow_determ_4e5": 2851.5, "rainbow_sticky_2e8": 4065.97, "random": 1598.0, "reactor_determ_2e8": 10237.8, "simple_determ_4e5": 4539.9}, "atari_kung_fu_master": {"c51_sticky_2e8": 24811.6, "ddqn_determ_2e8": 29710.0, "dqn_determ_2e8": 26059.0, "dqn_sticky_2e8": 23435.38, "dueling_determ_2e8": 34294.0, "human_gamer": 22736.3, "human_record": 1000000.0, "iqn_sticky_2e8": 31653.37, "prioritized_determ_2e8": 39581.0, "rainbow_determ_2e8": 52181.0, "rainbow_determ_4e5": 14346.1, "rainbow_sticky_2e8": 26475.07, "random": 258.5, "reactor_determ_2e8": 61621.5, "simple_determ_4e5": 17257.2}, "atari_montezuma_revenge": {"c51_sticky_2e8": 1044.67, "ddqn_determ_2e8": 0.0, "dqn_determ_2e8": 0.0, "dqn_sticky_2e8": 0.0, "dueling_determ_2e8": 0.0, "human_gamer": 4753.3, "human_record": 1219200.0, "iqn_sticky_2e8": 500.0, "prioritized_determ_2e8": 0.0, "rainbow_determ_2e8": 384.0, "rainbow_sticky_2e8": 500.0, "random": 0.0, "reactor_determ_2e8": 0.0}, "atari_ms_pacman": {"c51_sticky_2e8": 3693.53, "ddqn_determ_2e8": 2711.4, "dqn_determ_2e8": 3085.6, "dqn_sticky_2e8": 3402.4, "dueling_determ_2e8": 6283.5, "human_gamer": 6951.6, "human_record": 290090.0, "iqn_sticky_2e8": 5217.99, "prioritized_determ_2e8": 6518.7, "rainbow_determ_2e8": 5380.4, "rainbow_determ_4e5": 1204.1, "rainbow_sticky_2e8": 3861.01, "random": 307.3, "reactor_determ_2e8": 4416.9, "simple_determ_4e5": 762.8}, "atari_name_this_game": {"c51_sticky_2e8": 12594.19, "ddqn_determ_2e8": 10616.0, "dqn_determ_2e8": 8207.8, "dqn_sticky_2e8": 7278.65, "dueling_determ_2e8": 11971.1, "human_gamer": 8049.0, "human_record": 25220.0, "iqn_sticky_2e8": 6638.61, "prioritized_determ_2e8": 12270.5, "rainbow_determ_2e8": 13136.0, "rainbow_sticky_2e8": 9025.75, "random": 2292.3, "reactor_determ_2e8": 12636.5}, "atari_phoenix": {"c51_sticky_2e8": 5849.25, "ddqn_determ_2e8": 12252.5, "dqn_determ_2e8": 8485.2, "dqn_sticky_2e8": 4996.58, "dueling_determ_2e8": 23092.2, "human_gamer": 7242.6, "human_record": 4014440.0, "iqn_sticky_2e8": 5102.03, "prioritized_determ_2e8": 18992.7, "rainbow_determ_2e8": 108528.6, "rainbow_sticky_2e8": 8545.35, "random": 761.4, "reactor_determ_2e8": 10261.4}, "atari_pitfall": {"c51_sticky_2e8": -18.39, "ddqn_determ_2e8": -29.9, "dqn_determ_2e8": -286.1, "dqn_sticky_2e8": -73.81, "dueling_determ_2e8": 0.0, "human_gamer": 6463.7, "human_record": 114000.0, "iqn_sticky_2e8": -13.16, "prioritized_determ_2e8": -356.5, "rainbow_determ_2e8": 0.0, "rainbow_sticky_2e8": -19.76, "random": -229.4, "reactor_determ_2e8": -3.7}, "atari_pong": {"c51_sticky_2e8": 19.34, "ddqn_determ_2e8": 20.9, "dqn_determ_2e8": 19.5, "dqn_sticky_2e8": 16.61, "dueling_determ_2e8": 21.0, "human_gamer": 14.6, "human_record": 21.0, "iqn_sticky_2e8": 20.13, "prioritized_determ_2e8": 20.6, "rainbow_determ_2e8": 20.9, "rainbow_determ_4e5": -19.3, "rainbow_sticky_2e8": 20.18, "random": -20.7, "reactor_determ_2e8": 20.7, "simple_determ_4e5": 5.2}, "atari_private_eye": {"c51_sticky_2e8": 4207.11, "ddqn_determ_2e8": 129.7, "dqn_determ_2e8": 146.7, "dqn_sticky_2e8": -16.04, "dueling_determ_2e8": 103.0, "human_gamer": 69571.3, "human_record": 101800.0, "iqn_sticky_2e8": 4180.76, "prioritized_determ_2e8": 200.0, "rainbow_determ_2e8": 4234.0, "rainbow_determ_4e5": 97.8, "rainbow_sticky_2e8": 21333.56, "random": 24.9, "reactor_determ_2e8": 15198.0, "simple_determ_4e5": 58.3}, "atari_qbert": {"c51_sticky_2e8": 9761.91, "ddqn_determ_2e8": 15088.5, "dqn_determ_2e8": 13117.3, "dqn_sticky_2e8": 10117.5, "dueling_determ_2e8": 19220.3, "human_gamer": 13455.0, "human_record": 2400000.0, "iqn_sticky_2e8": 16729.89, "prioritized_determ_2e8": 16256.5, "rainbow_determ_2e8": 33817.5, "rainbow_determ_4e5": 1152.9, "rainbow_sticky_2e8": 17382.94, "random": 163.9, "reactor_determ_2e8": 21222.5, "simple_determ_4e5": 559.8}, "atari_riverraid": {"c51_sticky_2e8": 13514.28, "ddqn_determ_2e8": 14884.5, "dqn_determ_2e8": 7377.6, "dqn_sticky_2e8": 11638.93, "dueling_determ_2e8": 21162.6, "human_gamer": 17118.0, "human_record": 1000000.0, "iqn_sticky_2e8": 15183.38, "prioritized_determ_2e8": 14522.3, "rainbow_determ_2e8": 22920.8, "rainbow_sticky_2e8": 20755.91, "random": 1338.5, "reactor_determ_2e8": 16957.3}, "atari_road_runner": {"c51_sticky_2e8": 48213.46, "ddqn_determ_2e8": 44127.0, "dqn_determ_2e8": 39544.0, "dqn_sticky_2e8": 36925.47, "dueling_determ_2e8": 69524.0, "human_gamer": 7845.0, "human_record": 2038100.0, "iqn_sticky_2e8": 58965.95, "prioritized_determ_2e8": 57608.0, "rainbow_determ_2e8": 62041.0, "rainbow_determ_4e5": 9600.0, "rainbow_sticky_2e8": 54662.07, "random": 11.5, "reactor_determ_2e8": 66790.5, "simple_determ_4e5": 5169.4}, "atari_robotank": {"c51_sticky_2e8": 60.53, "ddqn_determ_2e8": 65.1, "dqn_determ_2e8": 63.9, "dqn_sticky_2e8": 59.77, "dueling_determ_2e8": 65.3, "human_gamer": 11.9, "human_record": 76.0, "iqn_sticky_2e8": 65.72, "prioritized_determ_2e8": 62.6, "rainbow_determ_2e8": 61.4, "rainbow_sticky_2e8": 65.52, "random": 2.2, "reactor_determ_2e8": 71.8}, "atari_seaquest": {"c51_sticky_2e8": 31025.85, "ddqn_determ_2e8": 16452.7, "dqn_determ_2e8": 5860.6, "dqn_sticky_2e8": 1600.66, "dueling_determ_2e8": 50254.2, "human_gamer": 42054.7, "human_record": 999999.0, "iqn_sticky_2e8": 17039.16, "prioritized_determ_2e8": 26357.8, "rainbow_determ_2e8": 15898.9, "rainbow_determ_4e5": 354.1, "rainbow_sticky_2e8": 9903.38, "random": 68.4, "reactor_determ_2e8": 5071.6, "simple_determ_4e5": 370.9}, "atari_skiing": {"c51_sticky_2e8": -22231.09, "ddqn_determ_2e8": -9021.8, "dqn_determ_2e8": -13062.3, "dqn_sticky_2e8": -15824.61, "dueling_determ_2e8": -8857.4, "human_gamer": -4336.9, "human_record": -3272.0, "iqn_sticky_2e8": -11161.85, "prioritized_determ_2e8": -9996.9, "rainbow_determ_2e8": -12957.8, "rainbow_sticky_2e8": -28707.56, "random": -17098.1, "reactor_determ_2e8": -10632.9}, "atari_solaris": {"c51_sticky_2e8": 1961.66, "ddqn_determ_2e8": 3067.8, "dqn_determ_2e8": 3482.8, "dqn_sticky_2e8": 1436.4, "dueling_determ_2e8": 2250.8, "human_gamer": 12326.7, "human_record": 111420.0, "iqn_sticky_2e8": 1684.4, "prioritized_determ_2e8": 4309.0, "rainbow_determ_2e8": 3560.3, "rainbow_sticky_2e8": 1582.69, "random": 1236.3, "reactor_determ_2e8": 2236.0}, "atari_space_invaders": {"c51_sticky_2e8": 3983.6, "ddqn_determ_2e8": 2525.5, "dqn_determ_2e8": 1692.3, "dqn_sticky_2e8": 1794.24, "dueling_determ_2e8": 6427.3, "human_gamer": 1668.7, "human_record": 621535.0, "iqn_sticky_2e8": 4530.03, "prioritized_determ_2e8": 2865.8, "rainbow_determ_2e8": 18789.0, "rainbow_sticky_2e8": 4130.88, "random": 148.0, "reactor_determ_2e8": 2387.1}, "atari_star_gunner": {"c51_sticky_2e8": 34804.97, "ddqn_determ_2e8": 60142.0, "dqn_determ_2e8": 54282.0, "dqn_sticky_2e8": 42165.22, "dueling_determ_2e8": 89238.0, "human_gamer": 10250.0, "human_record": 77400.0, "iqn_sticky_2e8": 80002.58, "prioritized_determ_2e8": 63302.0, "rainbow_determ_2e8": 127029.0, "rainbow_sticky_2e8": 57908.72, "random": 664.0, "reactor_determ_2e8": 48942.0}, "atari_surround": {"ddqn_determ_2e8": -2.9, "dqn_determ_2e8": -5.6, "dueling_determ_2e8": 4.4, "human_gamer": 6.5, "prioritized_determ_2e8": 8.9, "rainbow_determ_2e8": 9.7, "random": -10.0, "reactor_determ_2e8": 0.9}, "atari_tennis": {"c51_sticky_2e8": 21.7, "ddqn_determ_2e8": -22.8, "dqn_determ_2e8": 12.2, "dqn_sticky_2e8": -1.5, "dueling_determ_2e8": 5.1, "human_gamer": -8.3, "human_record": 21.0, "iqn_sticky_2e8": 22.54, "prioritized_determ_2e8": 0.0, "rainbow_determ_2e8": 0.0, "rainbow_sticky_2e8": -0.22, "random": -23.8, "reactor_determ_2e8": 23.4}, "atari_time_pilot": {"c51_sticky_2e8": 8117.05, "ddqn_determ_2e8": 8339.0, "dqn_determ_2e8": 4870.0, "dqn_sticky_2e8": 3654.37, "dueling_determ_2e8": 11666.0, "human_gamer": 5229.2, "human_record": 65300.0, "iqn_sticky_2e8": 11666.23, "prioritized_determ_2e8": 9197.0, "rainbow_determ_2e8": 12926.0, "rainbow_sticky_2e8": 12050.53, "random": 3568.0, "reactor_determ_2e8": 18871.5}, "atari_tutankham": {"c51_sticky_2e8": 240.72, "ddqn_determ_2e8": 218.4, "dqn_determ_2e8": 68.1, "dqn_sticky_2e8": 103.84, "dueling_determ_2e8": 211.4, "human_gamer": 167.6, "human_record": 5384.0, "iqn_sticky_2e8": 251.41, "prioritized_determ_2e8": 204.6, "rainbow_determ_2e8": 241.0, "rainbow_sticky_2e8": 239.07, "random": 11.4, "reactor_determ_2e8": 263.2}, "atari_up_n_down": {"c51_sticky_2e8": 8279.26, "ddqn_determ_2e8": 22972.2, "dqn_determ_2e8": 9989.9, "dqn_sticky_2e8": 8488.31, "dueling_determ_2e8": 44939.6, "human_gamer": 11693.2, "human_record": 82840.0, "iqn_sticky_2e8": 59943.87, "prioritized_determ_2e8": 16154.1, "rainbow_determ_2e8": 125754.6, "rainbow_determ_4e5": 2877.4, "rainbow_sticky_2e8": 34887.76, "random": 533.4, "reactor_determ_2e8": 194989.5, "simple_determ_4e5": 2152.6}, "atari_venture": {"c51_sticky_2e8": 1339.41, "ddqn_determ_2e8": 98.0, "dqn_determ_2e8": 163.0, "dqn_sticky_2e8": 39.13, "dueling_determ_2e8": 497.0, "human_gamer": 1187.5, "human_record": 38900.0, "iqn_sticky_2e8": 1312.84, "prioritized_determ_2e8": 54.0, "rainbow_determ_2e8": 5.5, "rainbow_sticky_2e8": 1528.87, "random": 0.0, "reactor_determ_2e8": 0.0}, "atari_video_pinball": {"c51_sticky_2e8": 405173.28, "ddqn_determ_2e8": 309941.9, "dqn_determ_2e8": 196760.4, "dqn_sticky_2e8": 63406.11, "dueling_determ_2e8": 98209.5, "human_gamer": 17667.9, "human_record": 89218328.0, "iqn_sticky_2e8": 415833.17, "prioritized_determ_2e8": 282007.3, "rainbow_determ_2e8": 533936.5, "rainbow_sticky_2e8": 466894.97, "random": 16256.9, "reactor_determ_2e8": 261720.2}, "atari_wizard_of_wor": {"c51_sticky_2e8": 3229.23, "ddqn_determ_2e8": 7492.0, "dqn_determ_2e8": 2704.0, "dqn_sticky_2e8": 2065.8, "dueling_determ_2e8": 7855.0, "human_gamer": 4756.5, "human_record": 395300.0, "iqn_sticky_2e8": 5670.54, "prioritized_determ_2e8": 4802.0, "rainbow_determ_2e8": 17862.5, "rainbow_sticky_2e8": 7878.62, "random": 563.5, "reactor_determ_2e8": 18484.0}, "atari_yars_revenge": {"c51_sticky_2e8": 11746.61, "ddqn_determ_2e8": 11712.6, "dqn_determ_2e8": 18098.9, "dqn_sticky_2e8": 23909.38, "dueling_determ_2e8": 49622.1, "human_gamer": 54576.9, "human_record": 15000105.0, "iqn_sticky_2e8": 84144.01, "prioritized_determ_2e8": 11357.0, "rainbow_determ_2e8": 102557.0, "rainbow_sticky_2e8": 45542.03, "random": 3092.9, "reactor_determ_2e8": 109607.5}, "atari_zaxxon": {"c51_sticky_2e8": 6502.33, "ddqn_determ_2e8": 10163.0, "dqn_determ_2e8": 5363.0, "dqn_sticky_2e8": 4538.57, "dueling_determ_2e8": 12944.0, "human_gamer": 9173.3, "human_record": 83700.0, "iqn_sticky_2e8": 11022.93, "prioritized_determ_2e8": 10469.0, "rainbow_determ_2e8": 22209.5, "rainbow_sticky_2e8": 14603.02, "random": 32.5, "reactor_determ_2e8": 16525.0}, "atari_air_raid": {"c51_sticky_2e8": 8288.24, "dqn_sticky_2e8": 7479.5, "human_record": 23050.0, "iqn_sticky_2e8": 10658.59, "rainbow_sticky_2e8": 11668.75, "random": 579.25}, "atari_carnival": {"c51_sticky_2e8": 4809.81, "dqn_sticky_2e8": 4784.84, "human_record": 2541440.0, "iqn_sticky_2e8": 5616.85, "rainbow_sticky_2e8": 4533.1, "random": 700.8}, "atari_elevator_action": {"c51_sticky_2e8": 68332.0, "dqn_sticky_2e8": 439.77, "human_record": 156550.0, "iqn_sticky_2e8": 65484.0, "rainbow_sticky_2e8": 76652.0, "random": 4387.0}, "atari_journey_escape": {"c51_sticky_2e8": -2707.38, "dqn_sticky_2e8": -3671.09, "human_record": -4317804.0, "iqn_sticky_2e8": -1490.44, "rainbow_sticky_2e8": -1106.49, "random": -19977.0}, "atari_pooyan": {"c51_sticky_2e8": 2931.13, "dqn_sticky_2e8": 3211.96, "human_record": 13025.0, "iqn_sticky_2e8": 4595.22, "rainbow_sticky_2e8": 4494.43, "random": 371.2}}
